key,genre,date,value,console,total,company
Nintendogs(DS),simulation,01/05/13,1.485047,DS,8.321427,Nintendo
Nintendogs(DS),simulation,01/06/13,2.109928,DS,8.321427,Nintendo
Nintendogs(DS),simulation,01/07/13,1.850631,DS,8.321427,Nintendo
Nintendogs(DS),simulation,01/08/13,1.675954,DS,8.321427,Nintendo
Nintendogs(DS),simulation,01/09/13,0.841436,DS,8.321427,Nintendo
Nintendogs(DS),simulation,01/10/13,0.289825,DS,8.321427,Nintendo
Nintendogs(DS),simulation,01/11/13,0.035882,DS,8.321427,Nintendo
Nintendogs(DS),simulation,01/12/13,0.01216,DS,8.321427,Nintendo
Nintendogs(DS),simulation,01/13/13,0.010114,DS,8.321427,Nintendo
Nintendogs(DS),simulation,01/14/13,0.009304,DS,8.321427,Nintendo
Mario Kart(DS),Racing,01/05/13,0.804098,DS,8.893594,Nintendo
Mario Kart(DS),Racing,01/06/13,0.830651,DS,8.893594,Nintendo
Mario Kart(DS),Racing,01/07/13,0.868129,DS,8.893594,Nintendo
Mario Kart(DS),Racing,01/08/13,1.45918,DS,8.893594,Nintendo
Mario Kart(DS),Racing,01/09/13,1.491308,DS,8.893594,Nintendo
Mario Kart(DS),Racing,01/10/13,2.1288,DS,8.893594,Nintendo
Mario Kart(DS),Racing,01/11/13,0.58091,DS,8.893594,Nintendo
Mario Kart(DS),Racing,01/12/13,0.38307,DS,8.893594,Nintendo
Mario Kart(DS),Racing,01/13/13,0.232841,DS,8.893594,Nintendo
Mario Kart(DS),Racing,01/14/13,0.103087,DS,8.893594,Nintendo
Super Mario 64(DS),Platform,01/05/13,0.659009,DS,4.589275,Nintendo
Super Mario 64(DS),Platform,01/06/13,0.424848,DS,4.589275,Nintendo
Super Mario 64(DS),Platform,01/07/13,0.468851,DS,4.589275,Nintendo
Super Mario 64(DS),Platform,01/08/13,0.646529,DS,4.589275,Nintendo
Super Mario 64(DS),Platform,01/09/13,0.635142,DS,4.589275,Nintendo
Super Mario 64(DS),Platform,01/10/13,0.410381,DS,4.589275,Nintendo
Super Mario 64(DS),Platform,01/11/13,0.294205,DS,4.589275,Nintendo
Super Mario 64(DS),Platform,01/12/13,0.232204,DS,4.589275,Nintendo
Super Mario 64(DS),Platform,01/13/13,0.141265,DS,4.589275,Nintendo
Super Mario 64(DS),Platform,01/14/13,0.052785,DS,4.589275,Nintendo
Grand Theft Auto: Liberty City Stories(PSP),Action,01/05/13,0.657231,PSP,2.64859,Take-Two Interactive
Grand Theft Auto: Liberty City Stories(PSP),Action,01/06/13,0.59948,PSP,2.64859,Take-Two Interactive
Grand Theft Auto: Liberty City Stories(PSP),Action,01/07/13,0.430814,PSP,2.64859,Take-Two Interactive
Grand Theft Auto: Liberty City Stories(PSP),Action,01/08/13,0.418379,PSP,2.64859,Take-Two Interactive
Grand Theft Auto: Liberty City Stories(PSP),Action,01/09/13,0.237618,PSP,2.64859,Take-Two Interactive
Grand Theft Auto: Liberty City Stories(PSP),Action,01/10/13,0.139125,PSP,2.64859,Take-Two Interactive
Grand Theft Auto: Liberty City Stories(PSP),Action,01/11/13,0.073869,PSP,2.64859,Take-Two Interactive
Grand Theft Auto: Liberty City Stories(PSP),Action,01/12/13,0.049144,PSP,2.64859,Take-Two Interactive
Grand Theft Auto: Liberty City Stories(PSP),Action,01/13/13,0.035852,PSP,2.64859,Take-Two Interactive
Grand Theft Auto: Liberty City Stories(PSP),Action,01/14/13,0.007668,PSP,2.64859,Take-Two Interactive
Call of Duty 2(Xbox 360),Shooter,01/05/13,0.500044,Xbox 360,1.62867,Activision
Call of Duty 2(Xbox 360),Shooter,01/06/13,0.545668,Xbox 360,1.62867,Activision
Call of Duty 2(Xbox 360),Shooter,01/07/13,0.153544,Xbox 360,1.62867,Activision
Call of Duty 2(Xbox 360),Shooter,01/08/13,0.149792,Xbox 360,1.62867,Activision
Call of Duty 2(Xbox 360),Shooter,01/09/13,0.077984,Xbox 360,1.62867,Activision
Call of Duty 2(Xbox 360),Shooter,01/10/13,0.005395,Xbox 360,1.62867,Activision
Call of Duty 2(Xbox 360),Shooter,01/11/13,0.046986,Xbox 360,1.62867,Activision
Call of Duty 2(Xbox 360),Shooter,01/12/13,0.040104,Xbox 360,1.62867,Activision
Call of Duty 2(Xbox 360),Shooter,01/13/13,0.057208,Xbox 360,1.62867,Activision
Call of Duty 2(Xbox 360),Shooter,01/14/13,0.045884,Xbox 360,1.62867,Activision
Madden NFL 06(PSP),Sports,01/05/13,0.459841,PSP,0.634755,Electronic Arts
Madden NFL 06(PSP),Sports,01/06/13,0.169903,PSP,0.634755,Electronic Arts
Madden NFL 06(PSP),Sports,01/07/13,0.003882,PSP,0.634755,Electronic Arts
Madden NFL 06(PSP),Sports,01/08/13,0.001,PSP,0.634755,Electronic Arts
Madden NFL 06(PSP),Sports,01/09/13,0.001,PSP,0.634755,Electronic Arts
Madden NFL 06(PSP),Sports,01/10/13,,PSP,0.634755,Electronic Arts
Madden NFL 06(PSP),Sports,01/11/13,,PSP,0.634755,Electronic Arts
Madden NFL 06(PSP),Sports,01/12/13,,PSP,0.634755,Electronic Arts
Madden NFL 06(PSP),Sports,01/13/13,,PSP,0.634755,Electronic Arts
Madden NFL 06(PSP),Sports,01/14/13,,PSP,0.634755,Electronic Arts
Need for Speed Underground Rivals(PSP),Racing,01/05/13,0.401682,PSP,0.628316,Electronic Arts
Need for Speed Underground Rivals(PSP),Racing,01/06/13,0.112954,PSP,0.628316,Electronic Arts
Need for Speed Underground Rivals(PSP),Racing,01/07/13,0.065199,PSP,0.628316,Electronic Arts
Need for Speed Underground Rivals(PSP),Racing,01/08/13,0.033607,PSP,0.628316,Electronic Arts
Need for Speed Underground Rivals(PSP),Racing,01/09/13,0.007859,PSP,0.628316,Electronic Arts
Need for Speed Underground Rivals(PSP),Racing,01/10/13,0.00169,PSP,0.628316,Electronic Arts
Need for Speed Underground Rivals(PSP),Racing,01/11/13,0.001,PSP,0.628316,Electronic Arts
Need for Speed Underground Rivals(PSP),Racing,01/12/13,0.001,PSP,0.628316,Electronic Arts
Need for Speed Underground Rivals(PSP),Racing,01/13/13,0.00124,PSP,0.628316,Electronic Arts
Need for Speed Underground Rivals(PSP),Racing,01/14/13,0.002133,PSP,0.628316,Electronic Arts
Twisted Metal: Head on(PSP),Action,01/05/13,0.370801,PSP,0.650612,Sony Computer Entertainment
Twisted Metal: Head on(PSP),Action,01/06/13,0.118084,PSP,0.650612,Sony Computer Entertainment
Twisted Metal: Head on(PSP),Action,01/07/13,0.065108,PSP,0.650612,Sony Computer Entertainment
Twisted Metal: Head on(PSP),Action,01/08/13,0.017717,PSP,0.650612,Sony Computer Entertainment
Twisted Metal: Head on(PSP),Action,01/09/13,0.007715,PSP,0.650612,Sony Computer Entertainment
Twisted Metal: Head on(PSP),Action,01/10/13,0.012301,PSP,0.650612,Sony Computer Entertainment
Twisted Metal: Head on(PSP),Action,01/11/13,0.043997,PSP,0.650612,Sony Computer Entertainment
Twisted Metal: Head on(PSP),Action,01/12/13,0.006701,PSP,0.650612,Sony Computer Entertainment
Twisted Metal: Head on(PSP),Action,01/13/13,0.008188,PSP,0.650612,Sony Computer Entertainment
Twisted Metal: Head on(PSP),Action,01/14/13,,PSP,0.650612,Sony Computer Entertainment
Untold Legends: Brotherhood of the Blade(PSP),Role-Playing,01/05/13,0.367824,PSP,0.490124,Sony Online Entertainment
Untold Legends: Brotherhood of the Blade(PSP),Role-Playing,01/06/13,0.060953,PSP,0.490124,Sony Online Entertainment
Untold Legends: Brotherhood of the Blade(PSP),Role-Playing,01/07/13,0.017202,PSP,0.490124,Sony Online Entertainment
Untold Legends: Brotherhood of the Blade(PSP),Role-Playing,01/08/13,0.005696,PSP,0.490124,Sony Online Entertainment
Untold Legends: Brotherhood of the Blade(PSP),Role-Playing,01/09/13,0.011941,PSP,0.490124,Sony Online Entertainment
Untold Legends: Brotherhood of the Blade(PSP),Role-Playing,01/10/13,0.010793,PSP,0.490124,Sony Online Entertainment
Untold Legends: Brotherhood of the Blade(PSP),Role-Playing,01/11/13,0.010606,PSP,0.490124,Sony Online Entertainment
Untold Legends: Brotherhood of the Blade(PSP),Role-Playing,01/12/13,0.001335,PSP,0.490124,Sony Online Entertainment
Untold Legends: Brotherhood of the Blade(PSP),Role-Playing,01/13/13,0.001547,PSP,0.490124,Sony Online Entertainment
Untold Legends: Brotherhood of the Blade(PSP),Role-Playing,01/14/13,0.00195,PSP,0.490124,Sony Online Entertainment
WarioWare Tocuhed!(DS),Puzzle,01/05/13,0.352346,DS,0.469698,Nintendo
WarioWare Tocuhed!(DS),Puzzle,01/06/13,0.046102,DS,0.469698,Nintendo
WarioWare Tocuhed!(DS),Puzzle,01/07/13,0.014516,DS,0.469698,Nintendo
WarioWare Tocuhed!(DS),Puzzle,01/08/13,0.027026,DS,0.469698,Nintendo
WarioWare Tocuhed!(DS),Puzzle,01/09/13,0.017881,DS,0.469698,Nintendo
WarioWare Tocuhed!(DS),Puzzle,01/10/13,0.001517,DS,0.469698,Nintendo
WarioWare Tocuhed!(DS),Puzzle,01/11/13,0.002473,DS,0.469698,Nintendo
WarioWare Tocuhed!(DS),Puzzle,01/12/13,0.00105,DS,0.469698,Nintendo
WarioWare Tocuhed!(DS),Puzzle,01/13/13,0.00191,DS,0.469698,Nintendo
WarioWare Tocuhed!(DS),Puzzle,01/14/13,0.004368,DS,0.469698,Nintendo
New Super Mario Bros.(DS),Platform,01/05/13,,DS,10.307148,Nintendo
New Super Mario Bros.(DS),Platform,01/06/13,1.961584,DS,10.307148,Nintendo
New Super Mario Bros.(DS),Platform,01/07/13,1.261741,DS,10.307148,Nintendo
New Super Mario Bros.(DS),Platform,01/08/13,2.031549,DS,10.307148,Nintendo
New Super Mario Bros.(DS),Platform,01/09/13,1.696863,DS,10.307148,Nintendo
New Super Mario Bros.(DS),Platform,01/10/13,1.456546,DS,10.307148,Nintendo
New Super Mario Bros.(DS),Platform,01/11/13,1.030518,DS,10.307148,Nintendo
New Super Mario Bros.(DS),Platform,01/12/13,0.484574,DS,10.307148,Nintendo
New Super Mario Bros.(DS),Platform,01/13/13,0.275073,DS,10.307148,Nintendo
New Super Mario Bros.(DS),Platform,01/14/13,0.10008,DS,10.307148,Nintendo
Gears of War(Xbox 360),Shooter,01/05/13,,Xbox 360,3.241065,Microsoft
Gears of War(Xbox 360),Shooter,01/06/13,1.785997,Xbox 360,3.241065,Microsoft
Gears of War(Xbox 360),Shooter,01/07/13,0.823503,Xbox 360,3.241065,Microsoft
Gears of War(Xbox 360),Shooter,01/08/13,0.36595,Xbox 360,3.241065,Microsoft
Gears of War(Xbox 360),Shooter,01/09/13,0.09925,Xbox 360,3.241065,Microsoft
Gears of War(Xbox 360),Shooter,01/10/13,0.053574,Xbox 360,3.241065,Microsoft
Gears of War(Xbox 360),Shooter,01/11/13,0.046777,Xbox 360,3.241065,Microsoft
Gears of War(Xbox 360),Shooter,01/12/13,0.023647,Xbox 360,3.241065,Microsoft
Gears of War(Xbox 360),Shooter,01/13/13,0.025401,Xbox 360,3.241065,Microsoft
Gears of War(Xbox 360),Shooter,01/14/13,0.014318,Xbox 360,3.241065,Microsoft
Madden NFL 07(Xbox 360),Sports,01/05/13,,Xbox 360,1.523496,Electronic Arts
Madden NFL 07(Xbox 360),Sports,01/06/13,1.160526,Xbox 360,1.523496,Electronic Arts
Madden NFL 07(Xbox 360),Sports,01/07/13,0.251756,Xbox 360,1.523496,Electronic Arts
Madden NFL 07(Xbox 360),Sports,01/08/13,0.069142,Xbox 360,1.523496,Electronic Arts
Madden NFL 07(Xbox 360),Sports,01/09/13,0.01703,Xbox 360,1.523496,Electronic Arts
Madden NFL 07(Xbox 360),Sports,01/10/13,0.003545,Xbox 360,1.523496,Electronic Arts
Madden NFL 07(Xbox 360),Sports,01/11/13,0.002905,Xbox 360,1.523496,Electronic Arts
Madden NFL 07(Xbox 360),Sports,01/12/13,0.004171,Xbox 360,1.523496,Electronic Arts
Madden NFL 07(Xbox 360),Sports,01/13/13,0.007849,Xbox 360,1.523496,Electronic Arts
Madden NFL 07(Xbox 360),Sports,01/14/13,0.006091,Xbox 360,1.523496,Electronic Arts
Brain Age: Train Your Brain in Minutes a Day(DS),Educational,01/05/13,,DS,4.358373,Nintendo
Brain Age: Train Your Brain in Minutes a Day(DS),Educational,01/06/13,1.07598,DS,4.358373,Nintendo
Brain Age: Train Your Brain in Minutes a Day(DS),Educational,01/07/13,0.908007,DS,4.358373,Nintendo
Brain Age: Train Your Brain in Minutes a Day(DS),Educational,01/08/13,1.642836,DS,4.358373,Nintendo
Brain Age: Train Your Brain in Minutes a Day(DS),Educational,01/09/13,0.470709,DS,4.358373,Nintendo
Brain Age: Train Your Brain in Minutes a Day(DS),Educational,01/10/13,0.183905,DS,4.358373,Nintendo
Brain Age: Train Your Brain in Minutes a Day(DS),Educational,01/11/13,0.045202,DS,4.358373,Nintendo
Brain Age: Train Your Brain in Minutes a Day(DS),Educational,01/12/13,0.010368,DS,4.358373,Nintendo
Brain Age: Train Your Brain in Minutes a Day(DS),Educational,01/13/13,0.009829,DS,4.358373,Nintendo
Brain Age: Train Your Brain in Minutes a Day(DS),Educational,01/14/13,0.010926,DS,4.358373,Nintendo
Wii Sports(Wii),Sports,01/05/13,,Wii,37.988167,Nintendo
Wii Sports(Wii),Sports,01/06/13,1.045442,Wii,37.988167,Nintendo
Wii Sports(Wii),Sports,01/07/13,6.287171,Wii,37.988167,Nintendo
Wii Sports(Wii),Sports,01/08/13,9.669407,Wii,37.988167,Nintendo
Wii Sports(Wii),Sports,01/09/13,8.925351,Wii,37.988167,Nintendo
Wii Sports(Wii),Sports,01/10/13,7.172571,Wii,37.988167,Nintendo
Wii Sports(Wii),Sports,01/11/13,2.436953,Wii,37.988167,Nintendo
Wii Sports(Wii),Sports,01/12/13,1.505305,Wii,37.988167,Nintendo
Wii Sports(Wii),Sports,01/13/13,0.681413,Wii,37.988167,Nintendo
Wii Sports(Wii),Sports,01/14/13,0.254036,Wii,37.988167,Nintendo
Tom Clancy's Ghost Recon Advanced Warfight(Xbox 360),Shooter,01/05/13,,Xbox 360,1.277221,Ubisoft
Tom Clancy's Ghost Recon Advanced Warfight(Xbox 360),Shooter,01/06/13,0.918448,Xbox 360,1.277221,Ubisoft
Tom Clancy's Ghost Recon Advanced Warfight(Xbox 360),Shooter,01/07/13,0.182244,Xbox 360,1.277221,Ubisoft
Tom Clancy's Ghost Recon Advanced Warfight(Xbox 360),Shooter,01/08/13,0.089839,Xbox 360,1.277221,Ubisoft
Tom Clancy's Ghost Recon Advanced Warfight(Xbox 360),Shooter,01/09/13,0.022008,Xbox 360,1.277221,Ubisoft
Tom Clancy's Ghost Recon Advanced Warfight(Xbox 360),Shooter,01/10/13,0.021842,Xbox 360,1.277221,Ubisoft
Tom Clancy's Ghost Recon Advanced Warfight(Xbox 360),Shooter,01/11/13,0.010142,Xbox 360,1.277221,Ubisoft
Tom Clancy's Ghost Recon Advanced Warfight(Xbox 360),Shooter,01/12/13,0.003317,Xbox 360,1.277221,Ubisoft
Tom Clancy's Ghost Recon Advanced Warfight(Xbox 360),Shooter,01/13/13,0.0149,Xbox 360,1.277221,Ubisoft
Tom Clancy's Ghost Recon Advanced Warfight(Xbox 360),Shooter,01/14/13,0.013316,Xbox 360,1.277221,Ubisoft
The Legend of Zelda: Twilight Princess(Wii),Action,01/05/13,,Wii,3.415535,Nintendo
The Legend of Zelda: Twilight Princess(Wii),Action,01/06/13,0.864192,Wii,3.415535,Nintendo
The Legend of Zelda: Twilight Princess(Wii),Action,01/07/13,1.00586,Wii,3.415535,Nintendo
The Legend of Zelda: Twilight Princess(Wii),Action,01/08/13,0.439949,Wii,3.415535,Nintendo
The Legend of Zelda: Twilight Princess(Wii),Action,01/09/13,0.197882,Wii,3.415535,Nintendo
The Legend of Zelda: Twilight Princess(Wii),Action,01/10/13,0.215178,Wii,3.415535,Nintendo
The Legend of Zelda: Twilight Princess(Wii),Action,01/11/13,0.313225,Wii,3.415535,Nintendo
The Legend of Zelda: Twilight Princess(Wii),Action,01/12/13,0.216945,Wii,3.415535,Nintendo
The Legend of Zelda: Twilight Princess(Wii),Action,01/13/13,0.102368,Wii,3.415535,Nintendo
The Legend of Zelda: Twilight Princess(Wii),Action,01/14/13,0.053491,Wii,3.415535,Nintendo
The Elder Scrolls IV: Oblivion(Xbox 360),Role-Playing,01/05/13,,Xbox 360,2.513141,Take-Two Interactive
The Elder Scrolls IV: Oblivion(Xbox 360),Role-Playing,01/06/13,0.758068,Xbox 360,2.513141,Take-Two Interactive
The Elder Scrolls IV: Oblivion(Xbox 360),Role-Playing,01/07/13,0.383752,Xbox 360,2.513141,Take-Two Interactive
The Elder Scrolls IV: Oblivion(Xbox 360),Role-Playing,01/08/13,0.314034,Xbox 360,2.513141,Take-Two Interactive
The Elder Scrolls IV: Oblivion(Xbox 360),Role-Playing,01/09/13,0.2635,Xbox 360,2.513141,Take-Two Interactive
The Elder Scrolls IV: Oblivion(Xbox 360),Role-Playing,01/10/13,0.145442,Xbox 360,2.513141,Take-Two Interactive
The Elder Scrolls IV: Oblivion(Xbox 360),Role-Playing,01/11/13,0.239192,Xbox 360,2.513141,Take-Two Interactive
The Elder Scrolls IV: Oblivion(Xbox 360),Role-Playing,01/12/13,0.154279,Xbox 360,2.513141,Take-Two Interactive
The Elder Scrolls IV: Oblivion(Xbox 360),Role-Playing,01/13/13,0.148229,Xbox 360,2.513141,Take-Two Interactive
The Elder Scrolls IV: Oblivion(Xbox 360),Role-Playing,01/14/13,0.092996,Xbox 360,2.513141,Take-Two Interactive
Halo 3(Xbox 360),Shooter,01/05/13,,Xbox360,7.251021,Microsoft
Halo 3(Xbox 360),Shooter,01/06/13,,Xbox360,7.251021,Microsoft
Halo 3(Xbox 360),Shooter,01/07/13,4.244324,Xbox360,7.251021,Microsoft
Halo 3(Xbox 360),Shooter,01/08/13,1.177825,Xbox360,7.251021,Microsoft
Halo 3(Xbox 360),Shooter,01/09/13,1.007305,Xbox360,7.251021,Microsoft
Halo 3(Xbox 360),Shooter,01/10/13,0.312179,Xbox360,7.251021,Microsoft
Halo 3(Xbox 360),Shooter,01/11/13,0.188687,Xbox360,7.251021,Microsoft
Halo 3(Xbox 360),Shooter,01/12/13,0.143612,Xbox360,7.251021,Microsoft
Halo 3(Xbox 360),Shooter,01/13/13,0.0898,Xbox360,7.251021,Microsoft
Halo 3(Xbox 360),Shooter,01/14/13,0.077652,Xbox360,7.251021,Microsoft
Wii Play(Wii),Misc,01/05/13,,Wii,12.831592,Nintendo
Wii Play(Wii),Misc,01/06/13,,Wii,12.831592,Nintendo
Wii Play(Wii),Misc,01/07/13,3.690775,Wii,12.831592,Nintendo
Wii Play(Wii),Misc,01/08/13,5.291362,Wii,12.831592,Nintendo
Wii Play(Wii),Misc,01/09/13,2.729899,Wii,12.831592,Nintendo
Wii Play(Wii),Misc,01/10/13,0.705474,Wii,12.831592,Nintendo
Wii Play(Wii),Misc,01/11/13,0.158783,Wii,12.831592,Nintendo
Wii Play(Wii),Misc,01/12/13,0.140278,Wii,12.831592,Nintendo
Wii Play(Wii),Misc,01/13/13,0.056013,Wii,12.831592,Nintendo
Wii Play(Wii),Misc,01/14/13,0.05263,Wii,12.831592,Nintendo
Pokemon Diamond/Pearl Version(DS),Role-Playing,01/05/13,,DS,5.859137,Nintendo
Pokemon Diamond/Pearl Version(DS),Role-Playing,01/06/13,,DS,5.859137,Nintendo
Pokemon Diamond/Pearl Version(DS),Role-Playing,01/07/13,3.600895,DS,5.859137,Nintendo
Pokemon Diamond/Pearl Version(DS),Role-Playing,01/08/13,1.479696,DS,5.859137,Nintendo
Pokemon Diamond/Pearl Version(DS),Role-Playing,01/09/13,0.439706,DS,5.859137,Nintendo
Pokemon Diamond/Pearl Version(DS),Role-Playing,01/10/13,0.180614,DS,5.859137,Nintendo
Pokemon Diamond/Pearl Version(DS),Role-Playing,01/11/13,0.087817,DS,5.859137,Nintendo
Pokemon Diamond/Pearl Version(DS),Role-Playing,01/12/13,0.023094,DS,5.859137,Nintendo
Pokemon Diamond/Pearl Version(DS),Role-Playing,01/13/13,0.020881,DS,5.859137,Nintendo
Pokemon Diamond/Pearl Version(DS),Role-Playing,01/14/13,0.023021,DS,5.859137,Nintendo
Call of Duty 4: Modern Warfare(Xbox 360),Shooter,01/05/13,,Xbox360,5.359202,Activision
Call of Duty 4: Modern Warfare(Xbox 360),Shooter,01/06/13,,Xbox360,5.359202,Activision
Call of Duty 4: Modern Warfare(Xbox 360),Shooter,01/07/13,2.35608,Xbox360,5.359202,Activision
Call of Duty 4: Modern Warfare(Xbox 360),Shooter,01/08/13,1.78552,Xbox360,5.359202,Activision
Call of Duty 4: Modern Warfare(Xbox 360),Shooter,01/09/13,0.489105,Xbox360,5.359202,Activision
Call of Duty 4: Modern Warfare(Xbox 360),Shooter,01/10/13,0.23545,Xbox360,5.359202,Activision
Call of Duty 4: Modern Warfare(Xbox 360),Shooter,01/11/13,0.111638,Xbox360,5.359202,Activision
Call of Duty 4: Modern Warfare(Xbox 360),Shooter,01/12/13,0.171307,Xbox360,5.359202,Activision
Call of Duty 4: Modern Warfare(Xbox 360),Shooter,01/13/13,0.12218,Xbox360,5.359202,Activision
Call of Duty 4: Modern Warfare(Xbox 360),Shooter,01/14/13,0.076238,Xbox360,5.359202,Activision
Super Mario Galaxy(Wii),Platform,01/05/13,,Wii,5.521207,Nintendo
Super Mario Galaxy(Wii),Platform,01/06/13,,Wii,5.521207,Nintendo
Super Mario Galaxy(Wii),Platform,01/07/13,2.06151,Wii,5.521207,Nintendo
Super Mario Galaxy(Wii),Platform,01/08/13,1.263785,Wii,5.521207,Nintendo
Super Mario Galaxy(Wii),Platform,01/09/13,0.427303,Wii,5.521207,Nintendo
Super Mario Galaxy(Wii),Platform,01/10/13,0.33967,Wii,5.521207,Nintendo
Super Mario Galaxy(Wii),Platform,01/11/13,0.54214,Wii,5.521207,Nintendo
Super Mario Galaxy(Wii),Platform,01/12/13,0.536905,Wii,5.521207,Nintendo
Super Mario Galaxy(Wii),Platform,01/13/13,0.253767,Wii,5.521207,Nintendo
Super Mario Galaxy(Wii),Platform,01/14/13,0.08564,Wii,5.521207,Nintendo
Forza Motorsport 2(Xbox 360),Racing,01/05/13,,Xbox360,2.145558,Microsoft
Forza Motorsport 2(Xbox 360),Racing,01/06/13,,Xbox360,2.145558,Microsoft
Forza Motorsport 2(Xbox 360),Racing,01/07/13,1.846227,Xbox360,2.145558,Microsoft
Forza Motorsport 2(Xbox 360),Racing,01/08/13,0.18654,Xbox360,2.145558,Microsoft
Forza Motorsport 2(Xbox 360),Racing,01/09/13,0.032383,Xbox360,2.145558,Microsoft
Forza Motorsport 2(Xbox 360),Racing,01/10/13,0.031981,Xbox360,2.145558,Microsoft
Forza Motorsport 2(Xbox 360),Racing,01/11/13,0.020773,Xbox360,2.145558,Microsoft
Forza Motorsport 2(Xbox 360),Racing,01/12/13,0.008985,Xbox360,2.145558,Microsoft
Forza Motorsport 2(Xbox 360),Racing,01/13/13,0.008892,Xbox360,2.145558,Microsoft
Forza Motorsport 2(Xbox 360),Racing,01/14/13,0.008216,Xbox360,2.145558,Microsoft
Mario Party 8(Wii),Misc,01/05/13,,Wii,3.425061,Nintendo
Mario Party 8(Wii),Misc,01/06/13,,Wii,3.425061,Nintendo
Mario Party 8(Wii),Misc,01/07/13,1.636713,Wii,3.425061,Nintendo
Mario Party 8(Wii),Misc,01/08/13,0.893276,Wii,3.425061,Nintendo
Mario Party 8(Wii),Misc,01/09/13,0.402844,Wii,3.425061,Nintendo
Mario Party 8(Wii),Misc,01/10/13,0.245171,Wii,3.425061,Nintendo
Mario Party 8(Wii),Misc,01/11/13,0.171125,Wii,3.425061,Nintendo
Mario Party 8(Wii),Misc,01/12/13,0.038087,Wii,3.425061,Nintendo
Mario Party 8(Wii),Misc,01/13/13,0.016471,Wii,3.425061,Nintendo
Mario Party 8(Wii),Misc,01/14/13,0.019198,Wii,3.425061,Nintendo
Madden NFL 08(Xbox 360),Sports,01/05/13,,Xbox360,1.999067,Electronic Arts
Madden NFL 08(Xbox 360),Sports,01/06/13,,Xbox360,1.999067,Electronic Arts
Madden NFL 08(Xbox 360),Sports,01/07/13,1.583045,Xbox360,1.999067,Electronic Arts
Madden NFL 08(Xbox 360),Sports,01/08/13,0.359549,Xbox360,1.999067,Electronic Arts
Madden NFL 08(Xbox 360),Sports,01/09/13,0.020058,Xbox360,1.999067,Electronic Arts
Madden NFL 08(Xbox 360),Sports,01/10/13,0.008961,Xbox360,1.999067,Electronic Arts
Madden NFL 08(Xbox 360),Sports,01/11/13,0.01163,Xbox360,1.999067,Electronic Arts
Madden NFL 08(Xbox 360),Sports,01/12/13,0.004676,Xbox360,1.999067,Electronic Arts
Madden NFL 08(Xbox 360),Sports,01/13/13,0.004005,Xbox360,1.999067,Electronic Arts
Madden NFL 08(Xbox 360),Sports,01/14/13,0.00665,Xbox360,1.999067,Electronic Arts
Mario Kart Wii(Wii),Racing,01/05/13,,Wii,14.259856,Nintendo
Mario Kart Wii(Wii),Racing,01/06/13,,Wii,14.259856,Nintendo
Mario Kart Wii(Wii),Racing,01/07/13,,Wii,14.259856,Nintendo
Mario Kart Wii(Wii),Racing,01/08/13,4.718507,Wii,14.259856,Nintendo
Mario Kart Wii(Wii),Racing,01/09/13,3.021777,Wii,14.259856,Nintendo
Mario Kart Wii(Wii),Racing,01/10/13,1.941825,Wii,14.259856,Nintendo
Mario Kart Wii(Wii),Racing,01/11/13,2.540943,Wii,14.259856,Nintendo
Mario Kart Wii(Wii),Racing,01/12/13,0.956729,Wii,14.259856,Nintendo
Mario Kart Wii(Wii),Racing,01/13/13,0.659801,Wii,14.259856,Nintendo
Mario Kart Wii(Wii),Racing,01/14/13,0.376403,Wii,14.259856,Nintendo
Wii Fit(Wii),Sports,01/05/13,,Wii,8.166394,Nintendo
Wii Fit(Wii),Sports,01/06/13,,Wii,8.166394,Nintendo
Wii Fit(Wii),Sports,01/07/13,,Wii,8.166394,Nintendo
Wii Fit(Wii),Sports,01/08/13,4.299177,Wii,8.166394,Nintendo
Wii Fit(Wii),Sports,01/09/13,3.812829,Wii,8.166394,Nintendo
Wii Fit(Wii),Sports,01/10/13,0.047336,Wii,8.166394,Nintendo
Wii Fit(Wii),Sports,01/11/13,0.007052,Wii,8.166394,Nintendo
Wii Fit(Wii),Sports,01/12/13,0.001,Wii,8.166394,Nintendo
Wii Fit(Wii),Sports,01/13/13,0.039439,Wii,8.166394,Nintendo
Wii Fit(Wii),Sports,01/14/13,0.001,Wii,8.166394,Nintendo
Super Smash Bros. Brawl(Wii),Fighting,01/05/13,,Wii,5.96259,Nintendo
Super Smash Bros. Brawl(Wii),Fighting,01/06/13,,Wii,5.96259,Nintendo
Super Smash Bros. Brawl(Wii),Fighting,01/07/13,,Wii,5.96259,Nintendo
Super Smash Bros. Brawl(Wii),Fighting,01/08/13,3.803898,Wii,5.96259,Nintendo
Super Smash Bros. Brawl(Wii),Fighting,01/09/13,0.503404,Wii,5.96259,Nintendo
Super Smash Bros. Brawl(Wii),Fighting,01/10/13,0.376415,Wii,5.96259,Nintendo
Super Smash Bros. Brawl(Wii),Fighting,01/11/13,0.329579,Wii,5.96259,Nintendo
Super Smash Bros. Brawl(Wii),Fighting,01/12/13,0.349983,Wii,5.96259,Nintendo
Super Smash Bros. Brawl(Wii),Fighting,01/13/13,0.322265,Wii,5.96259,Nintendo
Super Smash Bros. Brawl(Wii),Fighting,01/14/13,0.248146,Wii,5.96259,Nintendo
Grand Theft Auto IV(Xbox 360),Action,01/05/13,,Xbox360,6.134309,Take-Two Interactive
Grand Theft Auto IV(Xbox 360),Action,01/06/13,,Xbox360,6.134309,Take-Two Interactive
Grand Theft Auto IV(Xbox 360),Action,01/07/13,,Xbox360,6.134309,Take-Two Interactive
Grand Theft Auto IV(Xbox 360),Action,01/08/13,3.643919,Xbox360,6.134309,Take-Two Interactive
Grand Theft Auto IV(Xbox 360),Action,01/09/13,0.386127,Xbox360,6.134309,Take-Two Interactive
Grand Theft Auto IV(Xbox 360),Action,01/10/13,0.521101,Xbox360,6.134309,Take-Two Interactive
Grand Theft Auto IV(Xbox 360),Action,01/11/13,0.618674,Xbox360,6.134309,Take-Two Interactive
Grand Theft Auto IV(Xbox 360),Action,01/12/13,0.497556,Xbox360,6.134309,Take-Two Interactive
Grand Theft Auto IV(Xbox 360),Action,01/13/13,0.293623,Xbox360,6.134309,Take-Two Interactive
Grand Theft Auto IV(Xbox 360),Action,01/14/13,0.155437,Xbox360,6.134309,Take-Two Interactive
Call of Duty: World at War(Xbox 360),Shooter,01/05/13,,Xbox360,4.309208,Activision
Call of Duty: World at War(Xbox 360),Shooter,01/06/13,,Xbox360,4.309208,Activision
Call of Duty: World at War(Xbox 360),Shooter,01/07/13,,Xbox360,4.309208,Activision
Call of Duty: World at War(Xbox 360),Shooter,01/08/13,2.580454,Xbox360,4.309208,Activision
Call of Duty: World at War(Xbox 360),Shooter,01/09/13,1.03266,Xbox360,4.309208,Activision
Call of Duty: World at War(Xbox 360),Shooter,01/10/13,0.244022,Xbox360,4.309208,Activision
Call of Duty: World at War(Xbox 360),Shooter,01/11/13,0.109176,Xbox360,4.309208,Activision
Call of Duty: World at War(Xbox 360),Shooter,01/12/13,0.136906,Xbox360,4.309208,Activision
Call of Duty: World at War(Xbox 360),Shooter,01/13/13,0.10976,Xbox360,4.309208,Activision
Call of Duty: World at War(Xbox 360),Shooter,01/14/13,0.078964,Xbox360,4.309208,Activision
Gears of War 2(Xbox 360),Shooter,01/05/13,,Xbox360,3.791217,Microsoft
Gears of War 2(Xbox 360),Shooter,01/06/13,,Xbox360,3.791217,Microsoft
Gears of War 2(Xbox 360),Shooter,01/07/13,,Xbox360,3.791217,Microsoft
Gears of War 2(Xbox 360),Shooter,01/08/13,2.416241,Xbox360,3.791217,Microsoft
Gears of War 2(Xbox 360),Shooter,01/09/13,0.516236,Xbox360,3.791217,Microsoft
Gears of War 2(Xbox 360),Shooter,01/10/13,0.275295,Xbox360,3.791217,Microsoft
Gears of War 2(Xbox 360),Shooter,01/11/13,0.392905,Xbox360,3.791217,Microsoft
Gears of War 2(Xbox 360),Shooter,01/12/13,0.09406,Xbox360,3.791217,Microsoft
Gears of War 2(Xbox 360),Shooter,01/13/13,0.06333,Xbox360,3.791217,Microsoft
Gears of War 2(Xbox 360),Shooter,01/14/13,0.029482,Xbox360,3.791217,Microsoft
Grand Theft Auto IV(PlayStation 3),Action,01/05/13,,PlayStation 3,4.310536,Take-Two Interactive
Grand Theft Auto IV(PlayStation 3),Action,01/06/13,,PlayStation 3,4.310536,Take-Two Interactive
Grand Theft Auto IV(PlayStation 3),Action,01/07/13,,PlayStation 3,4.310536,Take-Two Interactive
Grand Theft Auto IV(PlayStation 3),Action,01/08/13,2.003984,PlayStation 3,4.310536,Take-Two Interactive
Grand Theft Auto IV(PlayStation 3),Action,01/09/13,0.364005,PlayStation 3,4.310536,Take-Two Interactive
Grand Theft Auto IV(PlayStation 3),Action,01/10/13,0.609615,PlayStation 3,4.310536,Take-Two Interactive
Grand Theft Auto IV(PlayStation 3),Action,01/11/13,0.612689,PlayStation 3,4.310536,Take-Two Interactive
Grand Theft Auto IV(PlayStation 3),Action,01/12/13,0.406796,PlayStation 3,4.310536,Take-Two Interactive
Grand Theft Auto IV(PlayStation 3),Action,01/13/13,0.207886,PlayStation 3,4.310536,Take-Two Interactive
Grand Theft Auto IV(PlayStation 3),Action,01/14/13,0.092656,PlayStation 3,4.310536,Take-Two Interactive
Call of Duty: Modern Warfare 2(Xbox 360),Shooter,01/05/13,,Xbox360,7.784095,Activision
Call of Duty: Modern Warfare 2(Xbox 360),Shooter,01/06/13,,Xbox360,7.784095,Activision
Call of Duty: Modern Warfare 2(Xbox 360),Shooter,01/07/13,,Xbox360,7.784095,Activision
Call of Duty: Modern Warfare 2(Xbox 360),Shooter,01/08/13,,Xbox360,7.784095,Activision
Call of Duty: Modern Warfare 2(Xbox 360),Shooter,01/09/13,5.1456,Xbox360,7.784095,Activision
Call of Duty: Modern Warfare 2(Xbox 360),Shooter,01/10/13,1.893033,Xbox360,7.784095,Activision
Call of Duty: Modern Warfare 2(Xbox 360),Shooter,01/11/13,0.421779,Xbox360,7.784095,Activision
Call of Duty: Modern Warfare 2(Xbox 360),Shooter,01/12/13,0.122319,Xbox360,7.784095,Activision
Call of Duty: Modern Warfare 2(Xbox 360),Shooter,01/13/13,0.099043,Xbox360,7.784095,Activision
Call of Duty: Modern Warfare 2(Xbox 360),Shooter,01/14/13,0.088418,Xbox360,7.784095,Activision
Wii Sports Resort(Wii),Sports,01/05/13,,Wii,14.303569,Nintendo
Wii Sports Resort(Wii),Sports,01/06/13,,Wii,14.303569,Nintendo
Wii Sports Resort(Wii),Sports,01/07/13,,Wii,14.303569,Nintendo
Wii Sports Resort(Wii),Sports,01/08/13,,Wii,14.303569,Nintendo
Wii Sports Resort(Wii),Sports,01/09/13,4.504264,Wii,14.303569,Nintendo
Wii Sports Resort(Wii),Sports,01/10/13,5.472974,Wii,14.303569,Nintendo
Wii Sports Resort(Wii),Sports,01/11/13,2.273335,Wii,14.303569,Nintendo
Wii Sports Resort(Wii),Sports,01/12/13,1.236708,Wii,14.303569,Nintendo
Wii Sports Resort(Wii),Sports,01/13/13,0.651977,Wii,14.303569,Nintendo
Wii Sports Resort(Wii),Sports,01/14/13,0.155214,Wii,14.303569,Nintendo
New Super Mario Bros. Wii(Wii),Platform,01/05/13,,Wii,13.107129,Nintendo
New Super Mario Bros. Wii(Wii),Platform,01/06/13,,Wii,13.107129,Nintendo
New Super Mario Bros. Wii(Wii),Platform,01/07/13,,Wii,13.107129,Nintendo
New Super Mario Bros. Wii(Wii),Platform,01/08/13,,Wii,13.107129,Nintendo
New Super Mario Bros. Wii(Wii),Platform,01/09/13,3.850217,Wii,13.107129,Nintendo
New Super Mario Bros. Wii(Wii),Platform,01/10/13,5.251154,Wii,13.107129,Nintendo
New Super Mario Bros. Wii(Wii),Platform,01/11/13,2.167495,Wii,13.107129,Nintendo
New Super Mario Bros. Wii(Wii),Platform,01/12/13,0.89775,Wii,13.107129,Nintendo
New Super Mario Bros. Wii(Wii),Platform,01/13/13,0.549466,Wii,13.107129,Nintendo
New Super Mario Bros. Wii(Wii),Platform,01/14/13,0.351598,Wii,13.107129,Nintendo
Wii Fit Plus(Wii),Sports,01/05/13,,Wii,8.262895,Nintendo
Wii Fit Plus(Wii),Sports,01/06/13,,Wii,8.262895,Nintendo
Wii Fit Plus(Wii),Sports,01/07/13,,Wii,8.262895,Nintendo
Wii Fit Plus(Wii),Sports,01/08/13,,Wii,8.262895,Nintendo
Wii Fit Plus(Wii),Sports,01/09/13,3.296294,Wii,8.262895,Nintendo
Wii Fit Plus(Wii),Sports,01/10/13,3.272984,Wii,8.262895,Nintendo
Wii Fit Plus(Wii),Sports,01/11/13,1.046357,Wii,8.262895,Nintendo
Wii Fit Plus(Wii),Sports,01/12/13,0.431681,Wii,8.262895,Nintendo
Wii Fit Plus(Wii),Sports,01/13/13,0.140202,Wii,8.262895,Nintendo
Wii Fit Plus(Wii),Sports,01/14/13,0.066814,Wii,8.262895,Nintendo
Halo 3: ODST(Xbox 360),Shooter,01/05/13,,Xbox360,3.960154,Microsoft
Halo 3: ODST(Xbox 360),Shooter,01/06/13,,Xbox360,3.960154,Microsoft
Halo 3: ODST(Xbox 360),Shooter,01/07/13,,Xbox360,3.960154,Microsoft
Halo 3: ODST(Xbox 360),Shooter,01/08/13,,Xbox360,3.960154,Microsoft
Halo 3: ODST(Xbox 360),Shooter,01/09/13,2.765126,Xbox360,3.960154,Microsoft
Halo 3: ODST(Xbox 360),Shooter,01/10/13,0.836318,Xbox360,3.960154,Microsoft
Halo 3: ODST(Xbox 360),Shooter,01/11/13,0.173803,Xbox360,3.960154,Microsoft
Halo 3: ODST(Xbox 360),Shooter,01/12/13,0.067568,Xbox360,3.960154,Microsoft
Halo 3: ODST(Xbox 360),Shooter,01/13/13,0.066232,Xbox360,3.960154,Microsoft
Halo 3: ODST(Xbox 360),Shooter,01/14/13,0.045221,Xbox360,3.960154,Microsoft
Call of Duty: Modern Warfare 2(PlayStation 3),Shooter,01/05/13,,PlayStation 3,4.548625,Activision
Call of Duty: Modern Warfare 2(PlayStation 3),Shooter,01/06/13,,PlayStation 3,4.548625,Activision
Call of Duty: Modern Warfare 2(PlayStation 3),Shooter,01/07/13,,PlayStation 3,4.548625,Activision
Call of Duty: Modern Warfare 2(PlayStation 3),Shooter,01/08/13,,PlayStation 3,4.548625,Activision
Call of Duty: Modern Warfare 2(PlayStation 3),Shooter,01/09/13,2.712419,PlayStation 3,4.548625,Activision
Call of Duty: Modern Warfare 2(PlayStation 3),Shooter,01/10/13,1.382378,PlayStation 3,4.548625,Activision
Call of Duty: Modern Warfare 2(PlayStation 3),Shooter,01/11/13,0.24427,PlayStation 3,4.548625,Activision
Call of Duty: Modern Warfare 2(PlayStation 3),Shooter,01/12/13,0.113375,PlayStation 3,4.548625,Activision
Call of Duty: Modern Warfare 2(PlayStation 3),Shooter,01/13/13,0.047906,PlayStation 3,4.548625,Activision
Call of Duty: Modern Warfare 2(PlayStation 3),Shooter,01/14/13,0.042214,PlayStation 3,4.548625,Activision
Call of Duty: Black Ops(Xbox 360),Shooter,01/05/13,,Xbox360,8.686111,Activision
Call of Duty: Black Ops(Xbox 360),Shooter,01/06/13,,Xbox360,8.686111,Activision
Call of Duty: Black Ops(Xbox 360),Shooter,01/07/13,,Xbox360,8.686111,Activision
Call of Duty: Black Ops(Xbox 360),Shooter,01/08/13,,Xbox360,8.686111,Activision
Call of Duty: Black Ops(Xbox 360),Shooter,01/09/13,,Xbox360,8.686111,Activision
Call of Duty: Black Ops(Xbox 360),Shooter,01/10/13,6.37384,Xbox360,8.686111,Activision
Call of Duty: Black Ops(Xbox 360),Shooter,01/11/13,1.637372,Xbox360,8.686111,Activision
Call of Duty: Black Ops(Xbox 360),Shooter,01/12/13,0.293726,Xbox360,8.686111,Activision
Call of Duty: Black Ops(Xbox 360),Shooter,01/13/13,0.204823,Xbox360,8.686111,Activision
Call of Duty: Black Ops(Xbox 360),Shooter,01/14/13,0.155574,Xbox360,8.686111,Activision
Halo: Reach(Xbox 360),Shooter,01/05/13,,Xbox360,6.386435,Microsoft Game Studios
Halo: Reach(Xbox 360),Shooter,01/06/13,,Xbox360,6.386435,Microsoft Game Studios
Halo: Reach(Xbox 360),Shooter,01/07/13,,Xbox360,6.386435,Microsoft Game Studios
Halo: Reach(Xbox 360),Shooter,01/08/13,,Xbox360,6.386435,Microsoft Game Studios
Halo: Reach(Xbox 360),Shooter,01/09/13,,Xbox360,6.386435,Microsoft Game Studios
Halo: Reach(Xbox 360),Shooter,01/10/13,4.658373,Xbox360,6.386435,Microsoft Game Studios
Halo: Reach(Xbox 360),Shooter,01/11/13,1.053915,Xbox360,6.386435,Microsoft Game Studios
Halo: Reach(Xbox 360),Shooter,01/12/13,0.408705,Xbox360,6.386435,Microsoft Game Studios
Halo: Reach(Xbox 360),Shooter,01/13/13,0.149441,Xbox360,6.386435,Microsoft Game Studios
Halo: Reach(Xbox 360),Shooter,01/14/13,0.105588,Xbox360,6.386435,Microsoft Game Studios
Kinect Adventures!(Xbox 360),Misc,01/05/13,,Xbox360,13.534022,Microsoft Game Studios
Kinect Adventures!(Xbox 360),Misc,01/06/13,,Xbox360,13.534022,Microsoft Game Studios
Kinect Adventures!(Xbox 360),Misc,01/07/13,,Xbox360,13.534022,Microsoft Game Studios
Kinect Adventures!(Xbox 360),Misc,01/08/13,,Xbox360,13.534022,Microsoft Game Studios
Kinect Adventures!(Xbox 360),Misc,01/09/13,,Xbox360,13.534022,Microsoft Game Studios
Kinect Adventures!(Xbox 360),Misc,01/10/13,4.185017,Xbox360,13.534022,Microsoft Game Studios
Kinect Adventures!(Xbox 360),Misc,01/11/13,5.115158,Xbox360,13.534022,Microsoft Game Studios
Kinect Adventures!(Xbox 360),Misc,01/12/13,2.963647,Xbox360,13.534022,Microsoft Game Studios
Kinect Adventures!(Xbox 360),Misc,01/13/13,0.977614,Xbox360,13.534022,Microsoft Game Studios
Kinect Adventures!(Xbox 360),Misc,01/14/13,0.272208,Xbox360,13.534022,Microsoft Game Studios
Call of Duty: Black Ops(PlayStation 3),Shooter,01/05/13,,PlayStation 3,5.391385,Activision
Call of Duty: Black Ops(PlayStation 3),Shooter,01/06/13,,PlayStation 3,5.391385,Activision
Call of Duty: Black Ops(PlayStation 3),Shooter,01/07/13,,PlayStation 3,5.391385,Activision
Call of Duty: Black Ops(PlayStation 3),Shooter,01/08/13,,PlayStation 3,5.391385,Activision
Call of Duty: Black Ops(PlayStation 3),Shooter,01/09/13,,PlayStation 3,5.391385,Activision
Call of Duty: Black Ops(PlayStation 3),Shooter,01/10/13,3.896876,PlayStation 3,5.391385,Activision
Call of Duty: Black Ops(PlayStation 3),Shooter,01/11/13,1.112473,PlayStation 3,5.391385,Activision
Call of Duty: Black Ops(PlayStation 3),Shooter,01/12/13,0.181898,PlayStation 3,5.391385,Activision
Call of Duty: Black Ops(PlayStation 3),Shooter,01/13/13,0.116104,PlayStation 3,5.391385,Activision
Call of Duty: Black Ops(PlayStation 3),Shooter,01/14/13,0.072259,PlayStation 3,5.391385,Activision
Pokemon Heart Gold / Soul Silver Version(DS),Role-Playing,01/05/13,,DS,3.967305,Nintendo
Pokemon Heart Gold / Soul Silver Version(DS),Role-Playing,01/06/13,,DS,3.967305,Nintendo
Pokemon Heart Gold / Soul Silver Version(DS),Role-Playing,01/07/13,,DS,3.967305,Nintendo
Pokemon Heart Gold / Soul Silver Version(DS),Role-Playing,01/08/13,,DS,3.967305,Nintendo
Pokemon Heart Gold / Soul Silver Version(DS),Role-Playing,01/09/13,,DS,3.967305,Nintendo
Pokemon Heart Gold / Soul Silver Version(DS),Role-Playing,01/10/13,3.181379,DS,3.967305,Nintendo
Pokemon Heart Gold / Soul Silver Version(DS),Role-Playing,01/11/13,0.529343,DS,3.967305,Nintendo
Pokemon Heart Gold / Soul Silver Version(DS),Role-Playing,01/12/13,0.132687,DS,3.967305,Nintendo
Pokemon Heart Gold / Soul Silver Version(DS),Role-Playing,01/13/13,0.069773,DS,3.967305,Nintendo
Pokemon Heart Gold / Soul Silver Version(DS),Role-Playing,01/14/13,0.048995,DS,3.967305,Nintendo
Super Mario Galaxy 2(Wii),Platform,01/05/13,,Wii,3.238166,Nintendo
Super Mario Galaxy 2(Wii),Platform,01/06/13,,Wii,3.238166,Nintendo
Super Mario Galaxy 2(Wii),Platform,01/07/13,,Wii,3.238166,Nintendo
Super Mario Galaxy 2(Wii),Platform,01/08/13,,Wii,3.238166,Nintendo
Super Mario Galaxy 2(Wii),Platform,01/09/13,,Wii,3.238166,Nintendo
Super Mario Galaxy 2(Wii),Platform,01/10/13,2.602562,Wii,3.238166,Nintendo
Super Mario Galaxy 2(Wii),Platform,01/11/13,0.358021,Wii,3.238166,Nintendo
Super Mario Galaxy 2(Wii),Platform,01/12/13,0.125704,Wii,3.238166,Nintendo
Super Mario Galaxy 2(Wii),Platform,01/13/13,0.079558,Wii,3.238166,Nintendo
Super Mario Galaxy 2(Wii),Platform,01/14/13,0.065402,Wii,3.238166,Nintendo
Call of Duty: Modern Warfare 3(Xbox 360),Shooter,01/05/13,,Xbox360,8.167165,Activision
Call of Duty: Modern Warfare 3(Xbox 360),Shooter,01/06/13,,Xbox360,8.167165,Activision
Call of Duty: Modern Warfare 3(Xbox 360),Shooter,01/07/13,,Xbox360,8.167165,Activision
Call of Duty: Modern Warfare 3(Xbox 360),Shooter,01/08/13,,Xbox360,8.167165,Activision
Call of Duty: Modern Warfare 3(Xbox 360),Shooter,01/09/13,,Xbox360,8.167165,Activision
Call of Duty: Modern Warfare 3(Xbox 360),Shooter,01/10/13,,Xbox360,8.167165,Activision
Call of Duty: Modern Warfare 3(Xbox 360),Shooter,01/11/13,6.484891,Xbox360,8.167165,Activision
Call of Duty: Modern Warfare 3(Xbox 360),Shooter,01/12/13,1.279558,Xbox360,8.167165,Activision
Call of Duty: Modern Warfare 3(Xbox 360),Shooter,01/13/13,0.198925,Xbox360,8.167165,Activision
Call of Duty: Modern Warfare 3(Xbox 360),Shooter,01/14/13,0.183398,Xbox360,8.167165,Activision
Pokemon Black/White Version(DS),Role-Playing,01/05/13,,DS,5.051807,Nintendo
Pokemon Black/White Version(DS),Role-Playing,01/06/13,,DS,5.051807,Nintendo
Pokemon Black/White Version(DS),Role-Playing,01/07/13,,DS,5.051807,Nintendo
Pokemon Black/White Version(DS),Role-Playing,01/08/13,,DS,5.051807,Nintendo
Pokemon Black/White Version(DS),Role-Playing,01/09/13,,DS,5.051807,Nintendo
Pokemon Black/White Version(DS),Role-Playing,01/10/13,,DS,5.051807,Nintendo
Pokemon Black/White Version(DS),Role-Playing,01/11/13,4.403425,DS,5.051807,Nintendo
Pokemon Black/White Version(DS),Role-Playing,01/12/13,0.438511,DS,5.051807,Nintendo
Pokemon Black/White Version(DS),Role-Playing,01/13/13,0.165065,DS,5.051807,Nintendo
Pokemon Black/White Version(DS),Role-Playing,01/14/13,0.040156,DS,5.051807,Nintendo
Call of Duty: Modern Warfare 3(PlayStation 3),Shooter,01/05/13,,PlayStation 3,5.02716,Activision
Call of Duty: Modern Warfare 3(PlayStation 3),Shooter,01/06/13,,PlayStation 3,5.02716,Activision
Call of Duty: Modern Warfare 3(PlayStation 3),Shooter,01/07/13,,PlayStation 3,5.02716,Activision
Call of Duty: Modern Warfare 3(PlayStation 3),Shooter,01/08/13,,PlayStation 3,5.02716,Activision
Call of Duty: Modern Warfare 3(PlayStation 3),Shooter,01/09/13,,PlayStation 3,5.02716,Activision
Call of Duty: Modern Warfare 3(PlayStation 3),Shooter,01/10/13,,PlayStation 3,5.02716,Activision
Call of Duty: Modern Warfare 3(PlayStation 3),Shooter,01/11/13,3.917822,PlayStation 3,5.02716,Activision
Call of Duty: Modern Warfare 3(PlayStation 3),Shooter,01/12/13,0.864202,PlayStation 3,5.02716,Activision
Call of Duty: Modern Warfare 3(PlayStation 3),Shooter,01/13/13,0.129627,PlayStation 3,5.02716,Activision
Call of Duty: Modern Warfare 3(PlayStation 3),Shooter,01/14/13,0.101762,PlayStation 3,5.02716,Activision
Just Dance 3(Wii),Misc,01/05/13,,Wii,5.449768,Ubisoft
Just Dance 3(Wii),Misc,01/06/13,,Wii,5.449768,Ubisoft
Just Dance 3(Wii),Misc,01/07/13,,Wii,5.449768,Ubisoft
Just Dance 3(Wii),Misc,01/08/13,,Wii,5.449768,Ubisoft
Just Dance 3(Wii),Misc,01/09/13,,Wii,5.449768,Ubisoft
Just Dance 3(Wii),Misc,01/10/13,,Wii,5.449768,Ubisoft
Just Dance 3(Wii),Misc,01/11/13,3.77056,Wii,5.449768,Ubisoft
Just Dance 3(Wii),Misc,01/12/13,1.382559,Wii,5.449768,Ubisoft
Just Dance 3(Wii),Misc,01/13/13,0.176629,Wii,5.449768,Ubisoft
Just Dance 3(Wii),Misc,01/14/13,0.106992,Wii,5.449768,Ubisoft
Gears of War 3(Xbox 360),Shooter,01/05/13,,Xbox360,3.677193,Microsoft Game Studios
Gears of War 3(Xbox 360),Shooter,01/06/13,,Xbox360,3.677193,Microsoft Game Studios
Gears of War 3(Xbox 360),Shooter,01/07/13,,Xbox360,3.677193,Microsoft Game Studios
Gears of War 3(Xbox 360),Shooter,01/08/13,,Xbox360,3.677193,Microsoft Game Studios
Gears of War 3(Xbox 360),Shooter,01/09/13,,Xbox360,3.677193,Microsoft Game Studios
Gears of War 3(Xbox 360),Shooter,01/10/13,,Xbox360,3.677193,Microsoft Game Studios
Gears of War 3(Xbox 360),Shooter,01/11/13,2.998268,Xbox360,3.677193,Microsoft Game Studios
Gears of War 3(Xbox 360),Shooter,01/12/13,0.37265,Xbox360,3.677193,Microsoft Game Studios
Gears of War 3(Xbox 360),Shooter,01/13/13,0.220079,Xbox360,3.677193,Microsoft Game Studios
Gears of War 3(Xbox 360),Shooter,01/14/13,0.077873,Xbox360,3.677193,Microsoft Game Studios
Battlefield 3(Xbox 360),Shooter,01/05/13,,Xbox360,4.041848,Electronic Arts
Battlefield 3(Xbox 360),Shooter,01/06/13,,Xbox360,4.041848,Electronic Arts
Battlefield 3(Xbox 360),Shooter,01/07/13,,Xbox360,4.041848,Electronic Arts
Battlefield 3(Xbox 360),Shooter,01/08/13,,Xbox360,4.041848,Electronic Arts
Battlefield 3(Xbox 360),Shooter,01/09/13,,Xbox360,4.041848,Electronic Arts
Battlefield 3(Xbox 360),Shooter,01/10/13,,Xbox360,4.041848,Electronic Arts
Battlefield 3(Xbox 360),Shooter,01/11/13,2.909396,Xbox360,4.041848,Electronic Arts
Battlefield 3(Xbox 360),Shooter,01/12/13,0.759971,Xbox360,4.041848,Electronic Arts
Battlefield 3(Xbox 360),Shooter,01/13/13,0.308176,Xbox360,4.041848,Electronic Arts
Battlefield 3(Xbox 360),Shooter,01/14/13,0.058169,Xbox360,4.041848,Electronic Arts
The Elder Scrolls V: Skyrim(Xbox 360),Role-Playing,01/05/13,,Xbox360,4.34776,Bethesda Softworks
The Elder Scrolls V: Skyrim(Xbox 360),Role-Playing,01/06/13,,Xbox360,4.34776,Bethesda Softworks
The Elder Scrolls V: Skyrim(Xbox 360),Role-Playing,01/07/13,,Xbox360,4.34776,Bethesda Softworks
The Elder Scrolls V: Skyrim(Xbox 360),Role-Playing,01/08/13,,Xbox360,4.34776,Bethesda Softworks
The Elder Scrolls V: Skyrim(Xbox 360),Role-Playing,01/09/13,,Xbox360,4.34776,Bethesda Softworks
The Elder Scrolls V: Skyrim(Xbox 360),Role-Playing,01/10/13,,Xbox360,4.34776,Bethesda Softworks
The Elder Scrolls V: Skyrim(Xbox 360),Role-Playing,01/11/13,2.650352,Xbox360,4.34776,Bethesda Softworks
The Elder Scrolls V: Skyrim(Xbox 360),Role-Playing,01/12/13,0.925795,Xbox360,4.34776,Bethesda Softworks
The Elder Scrolls V: Skyrim(Xbox 360),Role-Playing,01/13/13,0.447125,Xbox360,4.34776,Bethesda Softworks
The Elder Scrolls V: Skyrim(Xbox 360),Role-Playing,01/14/13,0.294602,Xbox360,4.34776,Bethesda Softworks
Call of Duty: Black Ops II(Xbox 360),Shooter,01/05/13,,Xbox360,7.348903,Activision
Call of Duty: Black Ops II(Xbox 360),Shooter,01/06/13,,Xbox360,7.348903,Activision
Call of Duty: Black Ops II(Xbox 360),Shooter,01/07/13,,Xbox360,7.348903,Activision
Call of Duty: Black Ops II(Xbox 360),Shooter,01/08/13,,Xbox360,7.348903,Activision
Call of Duty: Black Ops II(Xbox 360),Shooter,01/09/13,,Xbox360,7.348903,Activision
Call of Duty: Black Ops II(Xbox 360),Shooter,01/10/13,,Xbox360,7.348903,Activision
Call of Duty: Black Ops II(Xbox 360),Shooter,01/11/13,,Xbox360,7.348903,Activision
Call of Duty: Black Ops II(Xbox 360),Shooter,01/12/13,5.905481,Xbox360,7.348903,Activision
Call of Duty: Black Ops II(Xbox 360),Shooter,01/13/13,1.1727,Xbox360,7.348903,Activision
Call of Duty: Black Ops II(Xbox 360),Shooter,01/14/13,0.245054,Xbox360,7.348903,Activision
Halo 4(Xbox 360),Shooter,01/05/13,,Xbox360,5.92643,Microsoft Game Studios
Halo 4(Xbox 360),Shooter,01/06/13,,Xbox360,5.92643,Microsoft Game Studios
Halo 4(Xbox 360),Shooter,01/07/13,,Xbox360,5.92643,Microsoft Game Studios
Halo 4(Xbox 360),Shooter,01/08/13,,Xbox360,5.92643,Microsoft Game Studios
Halo 4(Xbox 360),Shooter,01/09/13,,Xbox360,5.92643,Microsoft Game Studios
Halo 4(Xbox 360),Shooter,01/10/13,,Xbox360,5.92643,Microsoft Game Studios
Halo 4(Xbox 360),Shooter,01/11/13,,Xbox360,5.92643,Microsoft Game Studios
Halo 4(Xbox 360),Shooter,01/12/13,4.671546,Xbox360,5.92643,Microsoft Game Studios
Halo 4(Xbox 360),Shooter,01/13/13,1.001492,Xbox360,5.92643,Microsoft Game Studios
Halo 4(Xbox 360),Shooter,01/14/13,0.231479,Xbox360,5.92643,Microsoft Game Studios
Call of Duty: Black Ops II(PlayStation 3),Shooter,01/05/13,,PlayStation 3,4.437815,Activision
Call of Duty: Black Ops II(PlayStation 3),Shooter,01/06/13,,PlayStation 3,4.437815,Activision
Call of Duty: Black Ops II(PlayStation 3),Shooter,01/07/13,,PlayStation 3,4.437815,Activision
Call of Duty: Black Ops II(PlayStation 3),Shooter,01/08/13,,PlayStation 3,4.437815,Activision
Call of Duty: Black Ops II(PlayStation 3),Shooter,01/09/13,,PlayStation 3,4.437815,Activision
Call of Duty: Black Ops II(PlayStation 3),Shooter,01/10/13,,PlayStation 3,4.437815,Activision
Call of Duty: Black Ops II(PlayStation 3),Shooter,01/11/13,,PlayStation 3,4.437815,Activision
Call of Duty: Black Ops II(PlayStation 3),Shooter,01/12/13,3.505858,PlayStation 3,4.437815,Activision
Call of Duty: Black Ops II(PlayStation 3),Shooter,01/13/13,0.739122,PlayStation 3,4.437815,Activision
Call of Duty: Black Ops II(PlayStation 3),Shooter,01/14/13,0.172407,PlayStation 3,4.437815,Activision
Just Dance 4(Wii),Misc,01/05/13,,Wii,3.708259,Ubisoft
Just Dance 4(Wii),Misc,01/06/13,,Wii,3.708259,Ubisoft
Just Dance 4(Wii),Misc,01/07/13,,Wii,3.708259,Ubisoft
Just Dance 4(Wii),Misc,01/08/13,,Wii,3.708259,Ubisoft
Just Dance 4(Wii),Misc,01/09/13,,Wii,3.708259,Ubisoft
Just Dance 4(Wii),Misc,01/10/13,,Wii,3.708259,Ubisoft
Just Dance 4(Wii),Misc,01/11/13,,Wii,3.708259,Ubisoft
Just Dance 4(Wii),Misc,01/12/13,2.862231,Wii,3.708259,Ubisoft
Just Dance 4(Wii),Misc,01/13/13,0.72795,Wii,3.708259,Ubisoft
Just Dance 4(Wii),Misc,01/14/13,0.110574,Wii,3.708259,Ubisoft
Assassin's Creed III(Xbox 360),Action,01/05/13,,Xbox360,2.781979,Ubisoft
Assassin's Creed III(Xbox 360),Action,01/06/13,,Xbox360,2.781979,Ubisoft
Assassin's Creed III(Xbox 360),Action,01/07/13,,Xbox360,2.781979,Ubisoft
Assassin's Creed III(Xbox 360),Action,01/08/13,,Xbox360,2.781979,Ubisoft
Assassin's Creed III(Xbox 360),Action,01/09/13,,Xbox360,2.781979,Ubisoft
Assassin's Creed III(Xbox 360),Action,01/10/13,,Xbox360,2.781979,Ubisoft
Assassin's Creed III(Xbox 360),Action,01/11/13,,Xbox360,2.781979,Ubisoft
Assassin's Creed III(Xbox 360),Action,01/12/13,2.123374,Xbox360,2.781979,Ubisoft
Assassin's Creed III(Xbox 360),Action,01/13/13,0.453289,Xbox360,2.781979,Ubisoft
Assassin's Creed III(Xbox 360),Action,01/14/13,0.178014,Xbox360,2.781979,Ubisoft
Madden NFL 13(Xbox 360),Sports,01/05/13,,Xbox360,2.283252,Electronic Arts
Madden NFL 13(Xbox 360),Sports,01/06/13,,Xbox360,2.283252,Electronic Arts
Madden NFL 13(Xbox 360),Sports,01/07/13,,Xbox360,2.283252,Electronic Arts
Madden NFL 13(Xbox 360),Sports,01/08/13,,Xbox360,2.283252,Electronic Arts
Madden NFL 13(Xbox 360),Sports,01/09/13,,Xbox360,2.283252,Electronic Arts
Madden NFL 13(Xbox 360),Sports,01/10/13,,Xbox360,2.283252,Electronic Arts
Madden NFL 13(Xbox 360),Sports,01/11/13,,Xbox360,2.283252,Electronic Arts
Madden NFL 13(Xbox 360),Sports,01/12/13,1.904842,Xbox360,2.283252,Electronic Arts
Madden NFL 13(Xbox 360),Sports,01/13/13,0.327291,Xbox360,2.283252,Electronic Arts
Madden NFL 13(Xbox 360),Sports,01/14/13,0.046851,Xbox360,2.283252,Electronic Arts
Assassin's Creed III(PlayStation 3),Action,01/05/13,,PlayStation 3,2.325348,Ubisoft
Assassin's Creed III(PlayStation 3),Action,01/06/13,,PlayStation 3,2.325348,Ubisoft
Assassin's Creed III(PlayStation 3),Action,01/07/13,,PlayStation 3,2.325348,Ubisoft
Assassin's Creed III(PlayStation 3),Action,01/08/13,,PlayStation 3,2.325348,Ubisoft
Assassin's Creed III(PlayStation 3),Action,01/09/13,,PlayStation 3,2.325348,Ubisoft
Assassin's Creed III(PlayStation 3),Action,01/10/13,,PlayStation 3,2.325348,Ubisoft
Assassin's Creed III(PlayStation 3),Action,01/11/13,,PlayStation 3,2.325348,Ubisoft
Assassin's Creed III(PlayStation 3),Action,01/12/13,1.876144,PlayStation 3,2.325348,Ubisoft
Assassin's Creed III(PlayStation 3),Action,01/13/13,0.292817,PlayStation 3,2.325348,Ubisoft
Assassin's Creed III(PlayStation 3),Action,01/14/13,0.138362,PlayStation 3,2.325348,Ubisoft
Pokemon Black/White Version 2(DS),Role-Playing,01/05/13,,DS,2.496338,Nintendo
Pokemon Black/White Version 2(DS),Role-Playing,01/06/13,,DS,2.496338,Nintendo
Pokemon Black/White Version 2(DS),Role-Playing,01/07/13,,DS,2.496338,Nintendo
Pokemon Black/White Version 2(DS),Role-Playing,01/08/13,,DS,2.496338,Nintendo
Pokemon Black/White Version 2(DS),Role-Playing,01/09/13,,DS,2.496338,Nintendo
Pokemon Black/White Version 2(DS),Role-Playing,01/10/13,,DS,2.496338,Nintendo
Pokemon Black/White Version 2(DS),Role-Playing,01/11/13,,DS,2.496338,Nintendo
Pokemon Black/White Version 2(DS),Role-Playing,01/12/13,1.677317,DS,2.496338,Nintendo
Pokemon Black/White Version 2(DS),Role-Playing,01/13/13,0.554915,DS,2.496338,Nintendo
Pokemon Black/White Version 2(DS),Role-Playing,01/14/13,0.249592,DS,2.496338,Nintendo
New Super Mario Bros. 2(3DS),Platform,01/05/13,,3DS,3.018986,Nintendo
New Super Mario Bros. 2(3DS),Platform,01/06/13,,3DS,3.018986,Nintendo
New Super Mario Bros. 2(3DS),Platform,01/07/13,,3DS,3.018986,Nintendo
New Super Mario Bros. 2(3DS),Platform,01/08/13,,3DS,3.018986,Nintendo
New Super Mario Bros. 2(3DS),Platform,01/09/13,,3DS,3.018986,Nintendo
New Super Mario Bros. 2(3DS),Platform,01/10/13,,3DS,3.018986,Nintendo
New Super Mario Bros. 2(3DS),Platform,01/11/13,,3DS,3.018986,Nintendo
New Super Mario Bros. 2(3DS),Platform,01/12/13,1.629155,3DS,3.018986,Nintendo
New Super Mario Bros. 2(3DS),Platform,01/13/13,0.761539,3DS,3.018986,Nintendo
New Super Mario Bros. 2(3DS),Platform,01/14/13,0.582143,3DS,3.018986,Nintendo
Grand Theft Auto V(Xbox 360),Action,01/05/13,,Xbox 360,8.100684,Take-Two Interactive
Grand Theft Auto V(Xbox 360),Action,01/06/13,,Xbox 360,8.100684,Take-Two Interactive
Grand Theft Auto V(Xbox 360),Action,01/07/13,,Xbox 360,8.100684,Take-Two Interactive
Grand Theft Auto V(Xbox 360),Action,01/08/13,,Xbox 360,8.100684,Take-Two Interactive
Grand Theft Auto V(Xbox 360),Action,01/09/13,,Xbox 360,8.100684,Take-Two Interactive
Grand Theft Auto V(Xbox 360),Action,01/10/13,,Xbox 360,8.100684,Take-Two Interactive
Grand Theft Auto V(Xbox 360),Action,01/11/13,,Xbox 360,8.100684,Take-Two Interactive
Grand Theft Auto V(Xbox 360),Action,01/12/13,,Xbox 360,8.100684,Take-Two Interactive
Grand Theft Auto V(Xbox 360),Action,01/13/13,7.052092,Xbox 360,8.100684,Take-Two Interactive
Grand Theft Auto V(Xbox 360),Action,01/14/13,0.969639,Xbox 360,8.100684,Take-Two Interactive
Grand Theft Auto V(PlayStation 3),Action,01/05/13,,PlayStation 3,5.916434,Take-Two Interactive
Grand Theft Auto V(PlayStation 3),Action,01/06/13,,PlayStation 3,5.916434,Take-Two Interactive
Grand Theft Auto V(PlayStation 3),Action,01/07/13,,PlayStation 3,5.916434,Take-Two Interactive
Grand Theft Auto V(PlayStation 3),Action,01/08/13,,PlayStation 3,5.916434,Take-Two Interactive
Grand Theft Auto V(PlayStation 3),Action,01/09/13,,PlayStation 3,5.916434,Take-Two Interactive
Grand Theft Auto V(PlayStation 3),Action,01/10/13,,PlayStation 3,5.916434,Take-Two Interactive
Grand Theft Auto V(PlayStation 3),Action,01/11/13,,PlayStation 3,5.916434,Take-Two Interactive
Grand Theft Auto V(PlayStation 3),Action,01/12/13,,PlayStation 3,5.916434,Take-Two Interactive
Grand Theft Auto V(PlayStation 3),Action,01/13/13,5.117996,PlayStation 3,5.916434,Take-Two Interactive
Grand Theft Auto V(PlayStation 3),Action,01/14/13,0.73837,PlayStation 3,5.916434,Take-Two Interactive
Call of Duty: Ghosts(Xbox 360),Shooter,01/05/13,,Xbox 360,5.76882,Activision
Call of Duty: Ghosts(Xbox 360),Shooter,01/06/13,,Xbox 360,5.76882,Activision
Call of Duty: Ghosts(Xbox 360),Shooter,01/07/13,,Xbox 360,5.76882,Activision
Call of Duty: Ghosts(Xbox 360),Shooter,01/08/13,,Xbox 360,5.76882,Activision
Call of Duty: Ghosts(Xbox 360),Shooter,01/09/13,,Xbox 360,5.76882,Activision
Call of Duty: Ghosts(Xbox 360),Shooter,01/10/13,,Xbox 360,5.76882,Activision
Call of Duty: Ghosts(Xbox 360),Shooter,01/11/13,,Xbox 360,5.76882,Activision
Call of Duty: Ghosts(Xbox 360),Shooter,01/12/13,,Xbox 360,5.76882,Activision
Call of Duty: Ghosts(Xbox 360),Shooter,01/13/13,4.738192,Xbox 360,5.76882,Activision
Call of Duty: Ghosts(Xbox 360),Shooter,01/14/13,0.968057,Xbox 360,5.76882,Activision
Pokemon X/Y(3DS),Role-Playing,01/05/13,,3DS,4.050173,Nintendo
Pokemon X/Y(3DS),Role-Playing,01/06/13,,3DS,4.050173,Nintendo
Pokemon X/Y(3DS),Role-Playing,01/07/13,,3DS,4.050173,Nintendo
Pokemon X/Y(3DS),Role-Playing,01/08/13,,3DS,4.050173,Nintendo
Pokemon X/Y(3DS),Role-Playing,01/09/13,,3DS,4.050173,Nintendo
Pokemon X/Y(3DS),Role-Playing,01/10/13,,3DS,4.050173,Nintendo
Pokemon X/Y(3DS),Role-Playing,01/11/13,,3DS,4.050173,Nintendo
Pokemon X/Y(3DS),Role-Playing,01/12/13,,3DS,4.050173,Nintendo
Pokemon X/Y(3DS),Role-Playing,01/13/13,3.079263,3DS,4.050173,Nintendo
Pokemon X/Y(3DS),Role-Playing,01/14/13,0.92227,3DS,4.050173,Nintendo
Call of Duty: Ghosts(PlayStation 3),Shooter,01/05/13,,PlayStation 3,3.434008,Activision
Call of Duty: Ghosts(PlayStation 3),Shooter,01/06/13,,PlayStation 3,3.434008,Activision
Call of Duty: Ghosts(PlayStation 3),Shooter,01/07/13,,PlayStation 3,3.434008,Activision
Call of Duty: Ghosts(PlayStation 3),Shooter,01/08/13,,PlayStation 3,3.434008,Activision
Call of Duty: Ghosts(PlayStation 3),Shooter,01/09/13,,PlayStation 3,3.434008,Activision
Call of Duty: Ghosts(PlayStation 3),Shooter,01/10/13,,PlayStation 3,3.434008,Activision
Call of Duty: Ghosts(PlayStation 3),Shooter,01/11/13,,PlayStation 3,3.434008,Activision
Call of Duty: Ghosts(PlayStation 3),Shooter,01/12/13,,PlayStation 3,3.434008,Activision
Call of Duty: Ghosts(PlayStation 3),Shooter,01/13/13,2.701575,PlayStation 3,3.434008,Activision
Call of Duty: Ghosts(PlayStation 3),Shooter,01/14/13,0.675001,PlayStation 3,3.434008,Activision
MineCraft(Xbox 360),Adventure,01/05/13,,Xbox 360,3.983903,Microsoft Game Studios
MineCraft(Xbox 360),Adventure,01/06/13,,Xbox 360,3.983903,Microsoft Game Studios
MineCraft(Xbox 360),Adventure,01/07/13,,Xbox 360,3.983903,Microsoft Game Studios
MineCraft(Xbox 360),Adventure,01/08/13,,Xbox 360,3.983903,Microsoft Game Studios
MineCraft(Xbox 360),Adventure,01/09/13,,Xbox 360,3.983903,Microsoft Game Studios
MineCraft(Xbox 360),Adventure,01/10/13,,Xbox 360,3.983903,Microsoft Game Studios
MineCraft(Xbox 360),Adventure,01/11/13,,Xbox 360,3.983903,Microsoft Game Studios
MineCraft(Xbox 360),Adventure,01/12/13,,Xbox 360,3.983903,Microsoft Game Studios
MineCraft(Xbox 360),Adventure,01/13/13,1.842354,Xbox 360,3.983903,Microsoft Game Studios
MineCraft(Xbox 360),Adventure,01/14/13,2.005712,Xbox 360,3.983903,Microsoft Game Studios
The Last of Us(PlayStation 3),Adventure,01/05/13,,PlayStation 3,2.034338,Sony Computer Entertainment America
The Last of Us(PlayStation 3),Adventure,01/06/13,,PlayStation 3,2.034338,Sony Computer Entertainment America
The Last of Us(PlayStation 3),Adventure,01/07/13,,PlayStation 3,2.034338,Sony Computer Entertainment America
The Last of Us(PlayStation 3),Adventure,01/08/13,,PlayStation 3,2.034338,Sony Computer Entertainment America
The Last of Us(PlayStation 3),Adventure,01/09/13,,PlayStation 3,2.034338,Sony Computer Entertainment America
The Last of Us(PlayStation 3),Adventure,01/10/13,,PlayStation 3,2.034338,Sony Computer Entertainment America
The Last of Us(PlayStation 3),Adventure,01/11/13,,PlayStation 3,2.034338,Sony Computer Entertainment America
The Last of Us(PlayStation 3),Adventure,01/12/13,,PlayStation 3,2.034338,Sony Computer Entertainment America
The Last of Us(PlayStation 3),Adventure,01/13/13,1.625287,PlayStation 3,2.034338,Sony Computer Entertainment America
The Last of Us(PlayStation 3),Adventure,01/14/13,0.388869,PlayStation 3,2.034338,Sony Computer Entertainment America
Battlefield 4(Xbox 360),Shooter,01/05/13,,Xbox 360,1.885111,Electronic Arts
Battlefield 4(Xbox 360),Shooter,01/06/13,,Xbox 360,1.885111,Electronic Arts
Battlefield 4(Xbox 360),Shooter,01/07/13,,Xbox 360,1.885111,Electronic Arts
Battlefield 4(Xbox 360),Shooter,01/08/13,,Xbox 360,1.885111,Electronic Arts
Battlefield 4(Xbox 360),Shooter,01/09/13,,Xbox 360,1.885111,Electronic Arts
Battlefield 4(Xbox 360),Shooter,01/10/13,,Xbox 360,1.885111,Electronic Arts
Battlefield 4(Xbox 360),Shooter,01/11/13,,Xbox 360,1.885111,Electronic Arts
Battlefield 4(Xbox 360),Shooter,01/12/13,,Xbox 360,1.885111,Electronic Arts
Battlefield 4(Xbox 360),Shooter,01/13/13,1.528557,Xbox 360,1.885111,Electronic Arts
Battlefield 4(Xbox 360),Shooter,01/14/13,0.340876,Xbox 360,1.885111,Electronic Arts
Madden NFL 25(Xbox 360),Sports,01/05/13,,Xbox 360,1.737858,Electronic Arts
Madden NFL 25(Xbox 360),Sports,01/06/13,,Xbox 360,1.737858,Electronic Arts
Madden NFL 25(Xbox 360),Sports,01/07/13,,Xbox 360,1.737858,Electronic Arts
Madden NFL 25(Xbox 360),Sports,01/08/13,,Xbox 360,1.737858,Electronic Arts
Madden NFL 25(Xbox 360),Sports,01/09/13,,Xbox 360,1.737858,Electronic Arts
Madden NFL 25(Xbox 360),Sports,01/10/13,,Xbox 360,1.737858,Electronic Arts
Madden NFL 25(Xbox 360),Sports,01/11/13,,Xbox 360,1.737858,Electronic Arts
Madden NFL 25(Xbox 360),Sports,01/12/13,,Xbox 360,1.737858,Electronic Arts
Madden NFL 25(Xbox 360),Sports,01/13/13,1.521978,Xbox 360,1.737858,Electronic Arts
Madden NFL 25(Xbox 360),Sports,01/14/13,0.208289,Xbox 360,1.737858,Electronic Arts
NBA 2K14(Xbox 360),Sports,01/05/13,,Xbox 360,1.795933,Take-Two Interactive
NBA 2K14(Xbox 360),Sports,01/06/13,,Xbox 360,1.795933,Take-Two Interactive
NBA 2K14(Xbox 360),Sports,01/07/13,,Xbox 360,1.795933,Take-Two Interactive
NBA 2K14(Xbox 360),Sports,01/08/13,,Xbox 360,1.795933,Take-Two Interactive
NBA 2K14(Xbox 360),Sports,01/09/13,,Xbox 360,1.795933,Take-Two Interactive
NBA 2K14(Xbox 360),Sports,01/10/13,,Xbox 360,1.795933,Take-Two Interactive
NBA 2K14(Xbox 360),Sports,01/11/13,,Xbox 360,1.795933,Take-Two Interactive
NBA 2K14(Xbox 360),Sports,01/12/13,,Xbox 360,1.795933,Take-Two Interactive
NBA 2K14(Xbox 360),Sports,01/13/13,1.378313,Xbox 360,1.795933,Take-Two Interactive
NBA 2K14(Xbox 360),Sports,01/14/13,0.401308,Xbox 360,1.795933,Take-Two Interactive
Pokemon Omega Ruby and Alpha Sapphire(3DS),Role-Playing,01/05/13,,3DS,2.780982,Nintendo
Pokemon Omega Ruby and Alpha Sapphire(3DS),Role-Playing,01/06/13,,3DS,2.780982,Nintendo
Pokemon Omega Ruby and Alpha Sapphire(3DS),Role-Playing,01/07/13,,3DS,2.780982,Nintendo
Pokemon Omega Ruby and Alpha Sapphire(3DS),Role-Playing,01/08/13,,3DS,2.780982,Nintendo
Pokemon Omega Ruby and Alpha Sapphire(3DS),Role-Playing,01/09/13,,3DS,2.780982,Nintendo
Pokemon Omega Ruby and Alpha Sapphire(3DS),Role-Playing,01/10/13,,3DS,2.780982,Nintendo
Pokemon Omega Ruby and Alpha Sapphire(3DS),Role-Playing,01/11/13,,3DS,2.780982,Nintendo
Pokemon Omega Ruby and Alpha Sapphire(3DS),Role-Playing,01/12/13,,3DS,2.780982,Nintendo
Pokemon Omega Ruby and Alpha Sapphire(3DS),Role-Playing,01/13/13,,3DS,2.780982,Nintendo
Pokemon Omega Ruby and Alpha Sapphire(3DS),Role-Playing,01/14/13,2.522094,3DS,2.780982,Nintendo
Call of Duty: Advanced Warfare(Xbox One),Shooter,01/05/13,,Xbox One,2.499687,Activision
Call of Duty: Advanced Warfare(Xbox One),Shooter,01/06/13,,Xbox One,2.499687,Activision
Call of Duty: Advanced Warfare(Xbox One),Shooter,01/07/13,,Xbox One,2.499687,Activision
Call of Duty: Advanced Warfare(Xbox One),Shooter,01/08/13,,Xbox One,2.499687,Activision
Call of Duty: Advanced Warfare(Xbox One),Shooter,01/09/13,,Xbox One,2.499687,Activision
Call of Duty: Advanced Warfare(Xbox One),Shooter,01/10/13,,Xbox One,2.499687,Activision
Call of Duty: Advanced Warfare(Xbox One),Shooter,01/11/13,,Xbox One,2.499687,Activision
Call of Duty: Advanced Warfare(Xbox One),Shooter,01/12/13,,Xbox One,2.499687,Activision
Call of Duty: Advanced Warfare(Xbox One),Shooter,01/13/13,,Xbox One,2.499687,Activision
Call of Duty: Advanced Warfare(Xbox One),Shooter,01/14/13,2.239179,Xbox One,2.499687,Activision
Super Smash Bros. for Wii and 3DS(3DS),Fighting,01/05/13,,3DS,2.233894,Nintendo
Super Smash Bros. for Wii and 3DS(3DS),Fighting,01/06/13,,3DS,2.233894,Nintendo
Super Smash Bros. for Wii and 3DS(3DS),Fighting,01/07/13,,3DS,2.233894,Nintendo
Super Smash Bros. for Wii and 3DS(3DS),Fighting,01/08/13,,3DS,2.233894,Nintendo
Super Smash Bros. for Wii and 3DS(3DS),Fighting,01/09/13,,3DS,2.233894,Nintendo
Super Smash Bros. for Wii and 3DS(3DS),Fighting,01/10/13,,3DS,2.233894,Nintendo
Super Smash Bros. for Wii and 3DS(3DS),Fighting,01/11/13,,3DS,2.233894,Nintendo
Super Smash Bros. for Wii and 3DS(3DS),Fighting,01/12/13,,3DS,2.233894,Nintendo
Super Smash Bros. for Wii and 3DS(3DS),Fighting,01/13/13,,3DS,2.233894,Nintendo
Super Smash Bros. for Wii and 3DS(3DS),Fighting,01/14/13,2.076037,3DS,2.233894,Nintendo
Call of Duty: Advanced Warfare(Xbox 360),Shooter,01/05/13,,Xbox 360,2.185523,Activision
Call of Duty: Advanced Warfare(Xbox 360),Shooter,01/06/13,,Xbox 360,2.185523,Activision
Call of Duty: Advanced Warfare(Xbox 360),Shooter,01/07/13,,Xbox 360,2.185523,Activision
Call of Duty: Advanced Warfare(Xbox 360),Shooter,01/08/13,,Xbox 360,2.185523,Activision
Call of Duty: Advanced Warfare(Xbox 360),Shooter,01/09/13,,Xbox 360,2.185523,Activision
Call of Duty: Advanced Warfare(Xbox 360),Shooter,01/10/13,,Xbox 360,2.185523,Activision
Call of Duty: Advanced Warfare(Xbox 360),Shooter,01/11/13,,Xbox 360,2.185523,Activision
Call of Duty: Advanced Warfare(Xbox 360),Shooter,01/12/13,,Xbox 360,2.185523,Activision
Call of Duty: Advanced Warfare(Xbox 360),Shooter,01/13/13,,Xbox 360,2.185523,Activision
Call of Duty: Advanced Warfare(Xbox 360),Shooter,01/14/13,2.014216,Xbox 360,2.185523,Activision
Call of Duty: Advanced Warfare(PlayStation 4),Shooter,01/05/13,,PlayStation 4,2.109169,Activision
Call of Duty: Advanced Warfare(PlayStation 4),Shooter,01/06/13,,PlayStation 4,2.109169,Activision
Call of Duty: Advanced Warfare(PlayStation 4),Shooter,01/07/13,,PlayStation 4,2.109169,Activision
Call of Duty: Advanced Warfare(PlayStation 4),Shooter,01/08/13,,PlayStation 4,2.109169,Activision
Call of Duty: Advanced Warfare(PlayStation 4),Shooter,01/09/13,,PlayStation 4,2.109169,Activision
Call of Duty: Advanced Warfare(PlayStation 4),Shooter,01/10/13,,PlayStation 4,2.109169,Activision
Call of Duty: Advanced Warfare(PlayStation 4),Shooter,01/11/13,,PlayStation 4,2.109169,Activision
Call of Duty: Advanced Warfare(PlayStation 4),Shooter,01/12/13,,PlayStation 4,2.109169,Activision
Call of Duty: Advanced Warfare(PlayStation 4),Shooter,01/13/13,,PlayStation 4,2.109169,Activision
Call of Duty: Advanced Warfare(PlayStation 4),Shooter,01/14/13,1.878115,PlayStation 4,2.109169,Activision
Destiny(PlayStation 4),Action,01/05/13,,PlayStation 4,1.867692,Activision
Destiny(PlayStation 4),Action,01/06/13,,PlayStation 4,1.867692,Activision
Destiny(PlayStation 4),Action,01/07/13,,PlayStation 4,1.867692,Activision
Destiny(PlayStation 4),Action,01/08/13,,PlayStation 4,1.867692,Activision
Destiny(PlayStation 4),Action,01/09/13,,PlayStation 4,1.867692,Activision
Destiny(PlayStation 4),Action,01/10/13,,PlayStation 4,1.867692,Activision
Destiny(PlayStation 4),Action,01/11/13,,PlayStation 4,1.867692,Activision
Destiny(PlayStation 4),Action,01/12/13,,PlayStation 4,1.867692,Activision
Destiny(PlayStation 4),Action,01/13/13,,PlayStation 4,1.867692,Activision
Destiny(PlayStation 4),Action,01/14/13,1.790884,PlayStation 4,1.867692,Activision
Mario Kart 8(Wii U),Racing,01/05/13,,Wii U,1.736381,Nintendo
Mario Kart 8(Wii U),Racing,01/06/13,,Wii U,1.736381,Nintendo
Mario Kart 8(Wii U),Racing,01/07/13,,Wii U,1.736381,Nintendo
Mario Kart 8(Wii U),Racing,01/08/13,,Wii U,1.736381,Nintendo
Mario Kart 8(Wii U),Racing,01/09/13,,Wii U,1.736381,Nintendo
Mario Kart 8(Wii U),Racing,01/10/13,,Wii U,1.736381,Nintendo
Mario Kart 8(Wii U),Racing,01/11/13,,Wii U,1.736381,Nintendo
Mario Kart 8(Wii U),Racing,01/12/13,,Wii U,1.736381,Nintendo
Mario Kart 8(Wii U),Racing,01/13/13,,Wii U,1.736381,Nintendo
Mario Kart 8(Wii U),Racing,01/14/13,1.640446,Wii U,1.736381,Nintendo
Grand Theft Auto V(PlayStation 4),Action,01/05/13,,PlayStation 4,1.89022,Take-Two Interactive
Grand Theft Auto V(PlayStation 4),Action,01/06/13,,PlayStation 4,1.89022,Take-Two Interactive
Grand Theft Auto V(PlayStation 4),Action,01/07/13,,PlayStation 4,1.89022,Take-Two Interactive
Grand Theft Auto V(PlayStation 4),Action,01/08/13,,PlayStation 4,1.89022,Take-Two Interactive
Grand Theft Auto V(PlayStation 4),Action,01/09/13,,PlayStation 4,1.89022,Take-Two Interactive
Grand Theft Auto V(PlayStation 4),Action,01/10/13,,PlayStation 4,1.89022,Take-Two Interactive
Grand Theft Auto V(PlayStation 4),Action,01/11/13,,PlayStation 4,1.89022,Take-Two Interactive
Grand Theft Auto V(PlayStation 4),Action,01/12/13,,PlayStation 4,1.89022,Take-Two Interactive
Grand Theft Auto V(PlayStation 4),Action,01/13/13,,PlayStation 4,1.89022,Take-Two Interactive
Grand Theft Auto V(PlayStation 4),Action,01/14/13,1.598237,PlayStation 4,1.89022,Take-Two Interactive
Titanfall(Xbox One),Shooter,01/05/13,,Xbox One,1.5221,Electronic Arts
Titanfall(Xbox One),Shooter,01/06/13,,Xbox One,1.5221,Electronic Arts
Titanfall(Xbox One),Shooter,01/07/13,,Xbox One,1.5221,Electronic Arts
Titanfall(Xbox One),Shooter,01/08/13,,Xbox One,1.5221,Electronic Arts
Titanfall(Xbox One),Shooter,01/09/13,,Xbox One,1.5221,Electronic Arts
Titanfall(Xbox One),Shooter,01/10/13,,Xbox One,1.5221,Electronic Arts
Titanfall(Xbox One),Shooter,01/11/13,,Xbox One,1.5221,Electronic Arts
Titanfall(Xbox One),Shooter,01/12/13,,Xbox One,1.5221,Electronic Arts
Titanfall(Xbox One),Shooter,01/13/13,,Xbox One,1.5221,Electronic Arts
Titanfall(Xbox One),Shooter,01/14/13,1.502054,Xbox One,1.5221,Electronic Arts
